url,cocktail_no
https://w.namu.la/s/c562c5a01fa35345bc8653d32e986c1911fc57d378eeb90e7553258c02993a5102ab4d7e126aedf0232576bc6ea4b8e26af497e30d80460ea446bdaab3bf4a3fb1eec7275fa38972639fbf6340b1c73ac54cea12d868a1e7c3edd47736278a352c3d07bc8f336177e0fe03130fdfc7d4,1
https://w.namu.la/s/97f0cfd08fb842d9db1cba1682709e36d08aaaaf7c08d166bd3ede9ab26fe1f60da23625be4d01e22758a567637251d331cbccc99ea8fdc39651d57f96a754e75593bfadfdadbb942a9715d651dc1219a2d252ddf7ae49e53b2198d7968147c3,2
https://w.namu.la/s/f2c06978a969687cfd1497652bbc2886a2d5c23542d28fb01f34b4de62354304e3c43f183a2e8703098562e421b0b9bf4fcd63670aeffe65d75255a361a1837559bcb5783062851be8b87a3087a5f0c771a8b9c96becbec25ada2b0e15c278f8,3
https://w.namu.la/s/48046e55339547f360560af0425aaf0e006ff4e7d1cc612209c4d00025a9b8139ce7842ab5b58a74991e4639891e6b44a71d64ee0e151d3125795db9857f27393ef6c3a9be24dacfe04b70ee4ef106407c6af0ed87ab0e8306e9ca5f15d8f000,4
https://w.namu.la/s/11992837f7cbfcaffe2bb490b279427be879bfe05f53105d587e3633adac5ea6f88e2c4f3f5521735fa23ed60b5f896b921b55f58c5850d9f6565dce9c5a15c71e60a302f0497526e42c545927ce878d28f1338d033a9b132ef5f18a85ded5b6,5
https://w.namu.la/s/6ac1a5cf031de224c3c722a6064b85e847903c821953d68eead1f5a84e0b270d2baefad41c7e45ad385701fa97e875672eda3083cfbb6a316473a32044ce9af7cedabdda69a6d314b427cb4ec419627bcd33ec33533a88ef84d5301d3852d21e3c82f46858c1fbf3d06163b5d1aec76f,6
https://w.namu.la/s/4debbaf42e9c8e70dd4e1c05c75eb0985f325e1af5801e6a41e4fb5e69461089072a4c05733532e36fd47a3445fbbddcd22037755fe1e4116feead065915477741c851d5972d63da8f6764732f96a176f95eab2e2a2e6b4b982205f3a241090e,7
https://w.namu.la/s/1049487f6e1ba13a3bbfa80bb5f02425e658403578192f239259f8ece790d742dbd9f661ba160f1ebcc79d763438a6522d2627252ed887935032ac34b7eb1cc0aa537fb6ec06a71af754e7a0459cf9e59c22a05e0eab9469df26128bfc8be644,8
https://w.namu.la/s/15a6bbaf9a4083e9523ef834a5d3d334943af80b786c33e9822c29c663529466ac8d081a08f8119114e971abbf31732bb6aa8168eb6b50c1a7fd4a847a2fe139898e77109034b3cfbd4ac29b5c258e305703c5c76590bf4b0f03eef8ad9d143e,9
https://w.namu.la/s/80296022aed905e15040618a49d5eb606b59bbfd2b87c9c25b4655151ceec1da55fbcc4b7d7bac23bfeb4fe124914569ef25ba197a3ade4939fed56355b21a0cbba4f175cb8eda2be9d3e7e961c8bbe702ec40ef827c9ca013f15ba875b3c9de,10
https://w.namu.la/s/05f094357b8025b9e4a01bcf57cf671c7bee7005440cbd3a92aabf9b95a5c7b4f66a3fd29cc72acfe83eda4ba154c3a5c434a0c75ae20db80ce37e09616758837de9fa14ade33014ee96d718541f608bd6094d6a3514a16aadc4f580d09c74d7,11
https://w.namu.la/s/253c61ade091261c514b1ae1a7ce169f0e8d5829724a6234619893f053d1f749eef32c1e3b3c8d8393474c63ecdaa62badd84cd26740431b47818f47cfb5e252489536261cbd50d0248eba09848e825f67ea4fc5c8fb36f9d1d600cc65799cbc,12
https://w.namu.la/s/95e74e8ee3542d13a90d38808207cdc41d198e3e80c80bf27e7a0bdbdd97aac5bcadc325e7db59d1cd91405f02cd7cc26bad3a30187f3090e25a6da44196de579fa01edfeb10fe92d4cb06970ecc947000312376b3a72280a46a6159b100ef85339830068d91cd43c824c681c652f718,13
https://w.namu.la/s/d359ce81e877e7cb38a5df3dd640d7d8f1028f809f7e73f6e73aa5c670a9dc059528d3446140d502507b9b0ab3279529bc369a950b516cef5d44168bd03772368a646d792690e6204857cb78efe36b061def0ee25ce737b0ba9d247b1fb148dd,14
https://w.namu.la/s/9dc266954dda0acbb75a16f363ab4908d0e7071dfe4756ce6757cbcb53f1de7afcdafcb0411298c29bba732fd71b7964ea31e156e4968feaf05f6995936dbe59d153a5f0828c85943c4be52baa35ca0ba8b3eafc7b89138e7f1b23165f1e63b0ccfee49d093af7b3c1faed1164fb38fa,15
https://w.namu.la/s/8cd6f5bec5c6398c4117c256d7086d6566d8ae61b0b6e9e04661a2199c1147f8f74b4b039fc2313b66c3c58f852af24aa92622029454d21aaa05687a44d2a7e0f2872e527abbbfe8e239cde567d6563ea545800fa7e880f268c250ddec9cde48fc2e0ca3a064e84e0abb47d06faec968,16
https://w.namu.la/s/70e8a7a5750e2e8b2bcfb4fecf1598a5f8ca001b7dabeb793b1c24ba6c1acb8dd21deddabe8d75a4b75bd5e9f3beff66256511edc8173745c359fc176c592f68904c2232f7a1336a897cfce4f567b384a4233196ac71a640e0226e276e094d95,17
https://w.namu.la/s/c33d935772080b786503fd445642d916e98d8617027a4a70bf563bd3b9409a752b62e8050a90af3c97a6b7a7c0c5be8abaffc27815b28d976849b8ceb07b7481dabb8810f5af934ff604b13dff1a39d235f8348432c3a5a14b73b91e011b4d50,18
https://w.namu.la/s/ae6dabee0819a516aaa3a3048327bc868878c43fbd27a7ea79dd588336a275b6e2236aca0af50e183ff898a840bc1955f3fd99691e6c5d007bb605dd39f751e18320e7039795a7060589abf76ebd066d05cc14064dd363633fea75949df580f2,19
https://w.namu.la/s/f876ab840b3e9fe7a41b27227599a8d27e6867cc070121047c613efeb6b8ad35086f39afc8f891be57c5e0d5eba5c01a51d6c401cbc6adc055c9db475b948d0f04105c15bcc38ec39e817f11f64fae1fde3812b5557cd41e43c05e0e41fe45aa32fd3ef6e181c9aa215afb81965c9600,20
https://w.namu.la/s/ad77b5e847f81b9a4de43ec9d9daebc0e6092dfc6dba3e9db66c0c26ce8636b7144d8b5f3d61b8ed3e0d9487691aa361229c7363379564efb2f27c574d4479329c06a78ff094feb75a8977d3cbee9cf43e81084ef5eba07d0e6e78a6bfa419de,21
https://w.namu.la/s/30d795fc7724eb53c08ef13897f26f0fa8fb4b2a469ade76fe4d785aa68bcc02fe9ed62fe4ec6266727058670f6f2ee1c24926bac7efc6d91fa30b48598e679dac84048b6426305cb3acc2a29f67f7a373b88d4976d1cd8757af044c0ddbe0382cd4a3a2bc4f2f7f1d5a943b8ece2649,22
https://w.namu.la/s/56c656242a67dbff1857c2b8b73e262a6af24d1515696070da13a4bbc48a50819135fcc2b61213fa40df96fc3a65588664e189869d5b5909ce1188038b593e374a76d04bdd6b6eb0702f184110f328366be6c59dbfbafe3904bd122ac2f12bd7,23
https://w.namu.la/s/0392e9bef9d6577b31773b337706aa7ab27239841f9d925ae25352739d605e9a21620e55eb262b3a1067a0ca9cb91a8ff2fb1499eaae77db1b56eec59d931679638b1ae8b3232c19fa80837cc2cc2d9a34289a8d9ab4878acb6928f5356caba3,24
https://w.namu.la/s/ede49609e04f345c4719679a52745831d6cb0f0b98881a562a5c89a84c070c8d6bb51d8a4f60fbf895f1ea825e564397a43bcb92e87e94bec8c1d4694f7a145559d8ef739723b351f72f3c2fbc5b1fa754ac36b9d1edef926c09469a3a453492,25
https://w.namu.la/s/a3a946b15360cdd179e58fa7506b5c1ef4a5908b52d157ed11f9315f2d0e4ff169705928b2722d81e5af1f893c40d32d7d723785980920fdfd9d123291889ba36f0e0fd3d94c993fc5d28ded03b2e02becfab8eac3181df43087b52b4977b44e,26
https://w.namu.la/s/80ddb1fadea7cc715d4b81482ed920633aaa689f55dd9d99b7ddd2ccf06b01dc905e6ff3253e24628ba1906f4035258e4b411405e523b25034b43a5a0f980308bed9317c94b9395cb5949c6c825739c9fb55aefff2fa8aef4a040ca61004a4e584f13ea985c6e6350a3533142b1336fa,27
https://w.namu.la/s/52217c087cad621b46f46b1fcb679a117aa56b1247ed7baa79027b4b076b76692bf8ffaae5b51a104d1d56fddc4ee0f11297ccdd847ed9e268a3659ffb6d286ee667d95ed1f9ae5bb32b3215b2a69f82c5665d4e49e27b4b6f9e926b03d86362,28
https://w.namu.la/s/89703f656f74e2307f5f05a570f2147e9a23aa384b7117b4c32e956967b529ec97e843e31f903de464e4b20214694428a073067fbd24e446b88f5ccddbbd4729a4182f57a807be7cd3f77d7d497124be7c7f483d71d0151b7de9c3bc2c8520d5,29
https://w.namu.la/s/126516a0fab1b71ff051bdabd49a06aab7ef0bf0592b457f62bfb560f1a2eb2ed1c8459880368587268d5483a17840f6c34c59516a6e4889d3ff195f2339888eb66f326e204152efa34ebd5c6286d33d182a7e77e217a7f8d26f17e460b02c56,30
https://w.namu.la/s/79cfd3a7b74265cafad09653f10bf3b0a2cbd3cb4ebbc449c86c21dd3297d04461df4cc865c280f88615bcb0033cb5eba8ae09539670a591a26f36a33a5943d5c503f9ed5c1d391aa3136ab0e2e42f9302ccacaa0ac6f8385fff8544bebda76222d78be81fdf32c99e97480207ac15c2,31
https://w.namu.la/s/ab2352dcfb65473be6847517530580113854e69a46c80ce791b05afdccbb71c3ac7cdde792abbc413f8d97f2de3446eb5dadfb6bd6e8f33771c39b14023e8d15c65e25d991e6386f05805fc00b0a8797c2d59edb905d6f467bb64d4cc28528eb846a0b3061effef610829d685e40a263,32
https://w.namu.la/s/3ccd176a527d222d215c9230fdd040df0a2ce1c514b76f8d192e85bffa8293db096f9a9ca811b22eddbbb9b666ee5a47d04da22fe022d00f3054650268cd1b786ce69387094afe518aeab91f19b2686b3bca7bde2d7a4d74097dff0c105d18fba9bd7debb388c44e19cd74c6a098d9b1,33
https://w.namu.la/s/c86a54f62db4f88ecc115d527622904ef6f17b2bdd266a9fa1d7b820bae0fc63a73a37e005ba3ea857bd1d3127fa6b24089deecf9fa2199ab118546828f906b9fa34adcd7b636c40d8359637ef78e281971e9536bc9dc4fab8eaf4060c14e78b3e35020c93183f251d48960c37d7b2b3,34
https://w.namu.la/s/e933e6498a7a12be63261d42d283ab43c964723e38e17aa9806d854d4668a820b275b04b4f8522632631d75fa035e450734dea8e728452bd2890dc39f220ad2fca6221c212d714e7ac6261baf9ac59d2dc6b3e0e8f6e7cbd9e81af4e91967261633d2c6970ced526c688333c9396216f,35
https://w.namu.la/s/39769bb098cb6403f4f3510fe0e1c54a40e765b6cce5f4883f70d52c88ff2b8ea0dfe4c61001fdc0c2c1cbc666847471c60a7facf52e711a3455776bd46b43a9487bd093675086537ea88446329d386c810b753b1f27c61c75266f52972a2460,36
https://w.namu.la/s/b8134787ec47f89d05a5c5033c2ea548f8191be39c423eca4fc40a09b213aa221086b036a2e480cc287898fe8713b3dc1b94951cb561c7c274eafca484aae3d96c1f46ac7abd9aa9710f449656449804bd7f3682621b70aee5629526b986179dda66a03e0798e30892a2ee8d462a0e56,37
https://w.namu.la/s/1dd18f576a35966ec749fd3e2088f4447a1b19c8044c849fb790562e0d32e1ca8d96241cd4e7551b607eaa639f8a256fbb78cf82d595ee1e9bd7e91d5cf68b58d9b572b68d7b5af060700c3186e6cc6149df1272536856adb9986c20efb2baf7,38
https://w.namu.la/s/84c11ccd2c47564e30c9e3ad4990c2979415d1eb24025164cc327dbc2632404dfc4e315050b51bd75811e7a9f942e25d712ce7f41bcb47b7c8ecda0c759bd4f8c59e6df663e3b4eb59bec6052c6e20c441fa13ccbf0ec5bf87f04dee16d15ec2695d440fa1112cbe33b1897afc1084b8,39
https://w.namu.la/s/9395988ea1b664fd37ab7e09abd7213270799eab87d1e647a069b444b006321e9472ac92ea774b6ed4b0d1290fd8a921736fe3a8c3f12e8d63174c7dbf59f09577dd0bbe59cdf7549335a0cc5e12b2892bba9e9f908e5c58f9da7399b308ae3e2a0304415f7e61f7a5412f19c199db82,40
https://w.namu.la/s/a2add171e7c36fb5ff63ba939a74a23ce213686cddaf6aa29eb58be0c39945c6cb19c04a83751621609ab79d76dc30cd98d6f7878a74f0259ccf5d440c5f35c04bd34dbc9051cf2ca9faa5bf24ca25c842d140a00ac50f602214ba0c887d5819bc8afb1233ac7b6de166d6db1954db8d,41
https://w.namu.la/s/c255b9a0ad0a41386f8267f8272139faa82dc11c9b79b78db2f3774cd3fbede84c1406d75c225507f203ce7ba38097c17de400e4d0324f4218108558130a2435146edba539cc74f05ce603316d0933b85cc4874d07aee0e4c49d786daf2eea67eb70c9c4f68cc0d78e8b8802b7e20321,42
https://w.namu.la/s/699fd73a4ba18e19ef9deec9b9e202eec8c9c2685643eb3d951243c159b7afc454cb994ac15ebd9372ca2ac03fe5665752292978341a43a16b35f4d30d41cb81f5b49cc17aa515f3c29c4f7a700cf9eff5e4f4586e5cd0c40546b060ddc966c6d74876047702b3a475b6148b9a7bd0c2,43
https://w.namu.la/s/00876186aa973cf5cef07ec7000e7060263e965be829b8f554b4f3cc6ca18d402c53bfd1e33ec878c3687659265ec3aae17fab91c313d489965b2897d0a4a77fbd6e93c7ee0c6319f916369ec48fa6288ea05d87037392c24f1a0c2bf0fa7bd4,44
https://w.namu.la/s/5b2c1c4e1c67c9c07f0ac3ccadbb1f4f8ff912ab211575375a0c1db6bb38adcb27f802a54588e48ff6a2ec5aeb8eb9bacbcca5b2046240996b520a95e9b7c3d5b6224b844c670c69c3f8d2efe4b86bec4f6dbcdee5df53291cce5c02737f111c,45
https://w.namu.la/s/11cc356e3c1dc51471ec972952394ce95c1d5e48e88595fb77df2cdc7f1465e0864b65a0e13a88ec51c489b6968bdf1e6d20f484b2e9c301cef9aafcd32450743556e9eccc7848c181bf1a0307de976cedf4f19c65b036e3239e8d205532b5698e2eaa06713baadbf4efcfc4e35c02a5,46
https://w.namu.la/s/091225a259d82c808da9dea5fcdc7990c64f040d4dd4ae15fa81918581a59f204f6bad86d2ec1bc61d44516b441c43e161e46c0c998af5e5e91e737676d7be1f61f0df9bf208b9eb126405b39b4e4ff0c6e7981ce600a69c0c9ec85d34983729,47
https://w.namu.la/s/5385d973eed9d2a62f1d415f19d775b61906277f832166543e6838e0a86598430332be8b649c5f57ed4ba112b13b3482d613f826d27b43d0c249a7b495757b3551376e6f004b6ea628f0bae622f404591ea105169686c5c4f667d918837df2b3,48
https://w.namu.la/s/dafa5e15a340a247d3c08baade4fed596b0f433c332d4a1b1ef05a1ce15c449fa38bbf9cf95746260ad778fc521e8d134ff8a78f7a927c5c42370088442fd80c2cd2625c1ab6101d035c6b9696bd80c51a0a988a6f408094578ba81656444a67,49
https://w.namu.la/s/3418d7b90ddf0514b7847bf9495750eb40bf89be516f9fe76316ab3877832ad9efe13b721e6ed23145a843055d25803e315dc74569e795c817e5ac7dbadc1d54eb989a84a78dd46d23ae777a05504db94c1061ea13998b9eb87998b4fd6962c438c4b2e3f874b83a034bda2e5c426ae0,50
https://w.namu.la/s/14c50a94cfa337f2ca45d3acdeaecf6789fce337c4c4d6d021a526b0cff71da304fbbbeccab8a5bc27045eb24d4eac8944091bab822af716b01a8bd18a04d69faddbaa3f7766add03bd37d5331e6894bebef1c92400c16e22b0a39b356090f43,51
https://w.namu.la/s/8ac193fc8719e2e994cba85a3cbdcd56caea0ee122f3910ca7f3d39a336b646e13c851819fa7e6f053505213c0d15758d8fc5924ef6f142965b66cee9c4e9fe9fb4aceade8e17529fd9ba108dbeebdbbe2d8aa95d6d534a6b8585fdad260d4dd,52
https://w.namu.la/s/eda0c69e3601aaff405d1d50a583fd121705135358d7e698dbc910131fa18b16fa866754803af67b18805d43adcdc8a04512385833e4c4f8a0a58f9176ef670567cb145f81920fabbbfd9a30b57d117814e037f04247fbd3e88be2c61106c763c6c035642fbe7af801f14c79cb2c6ef0,53
https://w.namu.la/s/ca939b259c6b855a80d5a368a07879afc2ec9c66d2f48850185fd7e0303a5f26dbcc983a5f71a961681fc9d5b34a7b3ad5356cd84fa838fb19894d0a6849ba25cad6b6d38e08300baa4f5231b3a463908dd819d84b4f730b6cadc071aea70a47,54
https://w.namu.la/s/a7d2a84f4d20184d3100660fbccc544c6f7a285872f89ddfc43ae78805bd4b1bff2dceb59d4773bbbf84628e49b75ae3c919974974a83d197afd4f12ec77d5135af87b145090173fe88b7153c0321083e2714a967be5500eaf49de678c2672005b0c3ef653a76f951c3e49239bd1d78f,55
https://w.namu.la/s/865887f7e42d1a441c4125ed54da520264acc1f2eeb4e161fe99b670b45b9aa257b649e28bae11dad654ba224fa5920f53cb3c34aaaebc2293faf249666cc87e3412c41009e399c2c8ce2cdaf24e6224aba7db932b3b90f155d9f35fdc041b2f,56
https://w.namu.la/s/4142f903a5784d93800e98ff3bdb2fe81d219bf918ac44ab940250abadfd8737ef9656e5723e7c6f28b794fe5a3b38132bd5cdcd44b98ae9ebbeb6932ddc23f526c4fc028ecfb04b548834eeb709c74c0a01459d3f9c1cda66f9b49eeb103616,57
https://w.namu.la/s/47265bafc825069856e16f9bb24a04872fc4c8259c50381425bf3adac34abfd97602b2dc67cbf05dcfcf7d67c2b6409046f5eccdcc20a657c412993ccf32da6e3a4b1b995ed575255e968f76dbcb4e5224c7ac20d27a37dedf80f49abf8394389f1e2f52173ad0f66a2c7b420a71e700,58
https://w.namu.la/s/b21e7dd825ae7da551ad07b0b3743f3d62676bf8520e39e4ba401115b00fa4c7b3a90d57b48bf7615d98659be12390e38302d4ea39bfee3c63b1501b002954f5deb6daee618d5d03860fc558c0367b1d4aa5634c81bf06e92cb3a522eaf15b24,59
https://w.namu.la/s/9a16516979937801655cfaf331169f62f0122e47b4470f74b2f3d3c49907ee8e3455479b7804f0856cdc9e0092bcf861c6d020ef1fafd80f33bee3ae43e8833847b84c26456293e7203d5319fd1ae56abe852a1d85f235e8fdf8bda7f3089bbe,60
https://w.namu.la/s/0d4eb38d8682ccf8b2618217e4d1827aa1c0378353165cd2fcce7ebf39f653c7c14f674e6d2b345d1341146208ce4627ae23fec41268c6aef4a65b53d75fe96cbac851e474566fb09356f361067819fa43dc69aec77185cc278e00951f73fc27cd36721fa0edacd008b12161100a5c68,61
https://w.namu.la/s/26c5a6c8487143aae1ce02df59513e1d4defee7b2cdbb22ce3bf77bf793c44b4bde588cb19421aafb2d43a667d686c54d8d52f50d776e19d907d2daa9a7a4948e5307c09709183d83ed7b5885093121d6bc36a84fd148e33a5c74026a17279e9,62
https://w.namu.la/s/54460a984365b6fbf85a08564c4bfca16565a9f06add6c02136bfd9bb174842166340130d0712747c0818d5fbece326ce57a8f310ead044617bdf2ec6df77916f5b871cc7601fcf96307a753bdb6c3e552e59febdeda30e28ee6c726ba8b67e6,63
https://w.namu.la/s/6af883f15bda84d46883f9edc8f83fde10a3730fe8bc0c6b3fc2b1dc6cef374e2c9cf7c676d492f340534d79b633bbbdda0d4b4585ea64d92cbd03a156303fe738bd64082eb7c40bcd45c0f4c9dba9b78897b6091c62fd8dc98d6a65484e1dd89ea708245548b2941ff5f5b8de3eca29,64
https://w.namu.la/s/da2f1a0f9a92633ade98711349f0a1db9c3962dfa657a3cb3ebfade0ac1bb85827fd7b6ef28aa550183ed6ffa6c50b14795e5dd7358499b2467f4fd1353b5737d1f443482e963871a2c06f6fe20645143fd261f3f70c210fd16f2c0fe2db1880,65
https://w.namu.la/s/e8bb640b5f0c355d2824cd0a56f82a4752f068ccbe0e8ef56121bdcd1b0283e5c301e9c3053ac8eb541b75ffc4c7e8f0a1033b14bee05ecbd0abb5d828fc30e3770d85320b1eaef8794ecdc0bc21ea6f9cdeb6a64989807c35947d76f41b24684e162ab7a072cec149e436a3a21fff96,66
https://w.namu.la/s/b63ad5c6e5c520d2b745f47fce4c44b7e4129e68f5eb943633cb604428567657be71ee9069546f7c3dd55f760191484c93b0c8cfc55ed417ffe0b330a8388c5a0804bfcd5dfcc5940cd03855c66652e39c6c86518d12a7bcc2994099373dcc86,67
https://w.namu.la/s/4861f8fd651e3d4927a127dbe1a32b398c149575a7bc0ca40b0c078fc42d0916ed1de6ac8ba5e36612004eb4ef9258a10416ef39ad2727d19a2dbb50ecdf2e3ba75f4d9c2fea781191283b95903d94430986241474404ab88a352a839af7bfa9,68
https://w.namu.la/s/b020e2faa3b45f423d24eac212a670c296556628b456c44ccac1fede99d479de6e14dcc0c658ac707db2ed26d7f3d6c4fa24ec0f1d80d28365494c243b393bd86dd1209d6f301eda724bb40db7cb0e3e3946a0aa1057dc46791e4c4ccc502827,69
https://w.namu.la/s/f4c73e70d7e4613546314e9328b64fbf3a686286bd60845ff918ddf99f3cf49224a195b7c394643126ef97efd4b0021543d3f88a13313b8cd4bf5cedae189d24665d9f9a43d520e493825e043664b61a1897f29c252ac19754c4223552fb1d7a,70
https://w.namu.la/s/9d8d252a0e6ecb1db10871d595d6660901de544f4664327a78a2fddea2ab1e7bec6e3f7d48644e23118d5e2dd908adb5afe2ce1b3e0c720a3b42ad8e3bd53ab54a2665f476588ecdf0b81176bcfb85d96b9877fbde6d021268e688645051706239ec8c020df3758fa9d885d58b2e572c,71
https://w.namu.la/s/1a73b23347b7d1c2909c49245906069c604d2184aa15437142a0a82dae423c2b6c223b4a3cfa5d35e8bf6a7ca2dcb7de732ffb48166bf7aed8b06841a299bf259c2b0fc49fc66d233498a996f34d48b5b1c350cd68e93ccac654facb8ed8638d1bb5538744fc8aaf6ef7e9f1519aed94,72
https://w.namu.la/s/108b327258227523771410480afa6b2dd159a36d6eb12a65cd1bf72c703f36adfbc37464904aeceaed552053acd164e2ffb676f4f43d7e08defcc445fa3bbfd8dd65c5471969a9988ffc64eb89bf58554c3c49c3e1a8a94230fc9200eebc5a58,73
https://w.namu.la/s/fe39357cbea7516b8db2f235e54a62eeacdcbb43a5253673b358b017c8ed20ac9a225716afa32e00488c9e41f4be71a1791c4543229220e96a099770ea17d7a61d99f1e4d682ac7f021e1491934ee68c0937408e8dba2312691a7e10ade5f5d7,74
https://w.namu.la/s/83793d8a73b979ebefb9d9ad81abbf2517ac74dc1770c019c2440a05adec8a411d9d4f3700fea89cab8909742a93c664db3fefbc2673eee498080c1dd6c514d1e2604e6ac63d7bfd8269f38f3ca941f376ba97dcf2cef51ea6bc8b259b601a9704632f695b1d72106659bd04fc9b6b4f,75
https://w.namu.la/s/3d667582a6096b20daa5a039caa671c9dcae6e79c719c2b0cea494bd74762b926bba3a0e178064ecf7b027819ae26533200086bc94ff05a752301eafd2ecba47a4e5b39fcb314b0d3262b70220268722e658ee2be8fe823e17c12605d7200ff6,76
https://w.namu.la/s/25b154579f585b98a4d539816e1fe78a81f6d199e9be8d60e64f48626b10324b0a39be0e39ebc8545ec183328e27493c943754bcda318086fa800e78e98f3511c82851083c261e7d9d90f02d350f3decb250a74499661a150d0a1ab2b55738bb,77
https://w.namu.la/s/bf9f87bd4007c84fae5831baca853927c4281c1015dd63614c264e291960b331d35e4c47674ca969d48b0533518e467fed119ace0e41856598113ea36ca7afa08965bf60f5b791083db4f8e297389325b4f0e50dc6fdc9c65a881ccda5630c40c86022800c51d436378b3e8f2ef32f78,78
https://w.namu.la/s/af324e5b855c765890f82521b31b16fbaacd2937d9fac50c5001a85822d688e6d6a4ab701caa1e1ef19c9823790a142566bfcc6690993360def1f79b4069def1a989622ec658adb9bf315158c40ef2ab22760fadc322486899c8353e24f89e01,79
https://w.namu.la/s/826ca76d03aa0bd37f3948d3732fe50c965d3b3168beeb347d746fef50515a460c931eead48762a2d263f216582f81a1d21eaa3e5c5a564f3f108e79f5afa253bccee0a972a010db94bc6b00bb81f47e8a8543996fec4f28a7c34f0002d8b7133b9d1d4fec7b3252fce92a16b3ad4513,80
https://w.namu.la/s/87d38dc52b8f8df032ab6b325b2e7ff2430b2d36b2a8c3b06fabaa2a5035a60493eea4b46af47df441ab7e178791ecf6f8cb0f480b6e728c8ce9836d0ff459c6c8cdfffe91fdecc3695db2019f26c459e7f25a9edc6dbaecd6c2a9cc21729125,81
https://w.namu.la/s/da682dd4b2ab77b1dc7dfb278b40335bf0029081edd4555e92739a48950f5b600c1c0afaaecb57bc777620a79c45e213f6ad74e853a90b07177b9677f49715dc8c279d3b2ec907e1be3002111a974e1aaddac339766e56cb37e5b2ae7476429e415412d46e9c2ee190bd9d0c4d76152e,82
https://w.namu.la/s/105b7015b7c107c1ef6c80a86de8b6cc2fe858d5b1836bf76c65bc1ec1d44088c6fc1afaf39229bbbec5d51c773bf245f87f5f9c563b36231115d0dd1237048bfce2ae860172cf65dcde9d708763328a858f9950f5d5eea6ca9a1dadb2651f3eb8053f4849094e6767bfae72c9aac4fb,83
https://w.namu.la/s/e5ce152e324871aebd876bc5554a5eaace1093a3e3b4435263131c6a18fc4d50c1b255bbb054e0061fe0a4892c282fc67407d0e01e25d3beae2a919a0f74408957fbae074b84467dc9d17604600dba3fcb22dcfb0d40b3adf985c609726354d4,84
https://w.namu.la/s/621b39ae47c15541c4e755e256062f92c18721af52942f4198b21c91933fe1ac23de04944b6418bad51417059335ea2c270a8c7cc2830c0086ab537879b182c6cd1e74a1d0842b1c8deb2b14cf56558107b0d8b78f52149d8c6f3d3849dade2d,85
https://w.namu.la/s/16ec59d566c740513837e7c5c528add835f95ee95a33b5c3a393c5a587b09c98a211e303d98e3a3aae602d7ee20dad2b476849fb4af0501fe58e0bcd7a1e465dc1403225ceba481b4bc1dc9eb54e81afdd2a239be7e7b4aaa5255554b8efad42,86
https://w.namu.la/s/4988c81bdd544bd4ad28b69b9f222f8e84419f63c84d24e3b62ddf0d61d50066b0ae626aecf279268f5956d380a07dffb4d3d797cc2262dacd5945716d49693200a088c190ea950e1e6eff2a8f3fce071b5c00a419856bddc5d4b6778de2f8caebcca4a4ddd8ef987e4470e174e0c669,87
https://w.namu.la/s/e2083ec2fb862abbfd63c1af24a661e9d0642714fb9f643509ea334d1d8613c18e8ae123586b47677d5d01414655657746be66909a3ce0043ea4835737500f3129b6e002b73d4d16c053c3cc52730fad55651bf7f660717f7db533492dd8e85e,88
https://w.namu.la/s/abddaf3fd53f900d91108ac9bb2edb37129b8a879d1531d20e1b14a34b831952298ff17367fb0b860bebe8285e73127acd73c6e8fce7d4917d76d0874683ee48d21e27cdb9f9e3f3c795a479b29a092f2db4de6cf0f66b66dd282d9c1c44f69377830bcd44c34d287488efcae5766b50,89
https://w.namu.la/s/7765218cd684fbbf2af3eef62f6a790e345521a79f3932c1616aff8be11e31c49c7486048013323357d8dc1d43dea1facd876f5b2a6cd3a408ed82a8065f0361ae798b1a89088b399acb36ae2c3fe917b839ae7ae6c690dbfac7648fd5456dfd,90
https://cocktail-bucket.s3.ap-northeast-2.amazonaws.com/TB_COCK_MASTER/72.Virgin%20Colada.jpg,91
https://cocktail-bucket.s3.ap-northeast-2.amazonaws.com/TB_COCK_MASTER/71.Shirley_temple.jpg,92
https://cocktail-bucket.s3.ap-northeast-2.amazonaws.com/TB_COCK_MASTER/70.Roy%20Rogers.jpg,93